"カテゴリー,ブキ名"
"シューター,わかばシューター"
"シューター,もみじシューター"
"シューター,スプラシューター"
"シューター,スプラシューター煌"
"シューター,プロモデラーMG"
"シューター,プロモデラーRG"
"シューター,プロモデラー彩"
"シューター,N-ZAP85"
"シューター,N-ZAP89"
"シューター,プライムシューター"
"シューター,プライムシューターコラボ"
"シューター,プライムシューターFRZN"
"シューター,.52ガロン"
"シューター,.52ガロンデコ"
"シューター,.96ガロン"
"シューター,.96ガロンデコ"
"シューター,.96ガロン爪"
"シューター,ジェットスイーパー"
"シューター,ジェットスイーパーカスタム"
"シューター,ジェットスイーパーCOBR"
"シューター,シャープマーカー"
"シューター,シャープマーカーネオ"
"シューター,シャープマーカーGECK"
"シューター,ボールドマーカー"
"シューター,ボールドマーカーネオ"
"シューター,L3リールガン"
"シューター,L3リールガンD"
"シューター,L3リールガン箔"
"シューター,H3リールガン"
"シューター,H3リールガンD"
"シューター,H3リールガンSNAK"
"シューター,ボトルガイザー"
"シューター,ボトルガイザーフォイル"
"シューター,スペースシューター"
"シューター,スペースシューターコラボ"
"ローラー,スプラローラー"
"ローラー,スプラローラーコラボ"
"ローラー,カーボンローラー"
"ローラー,カーボンローラーデコ"
"ローラー,カーボンローラーANGL"
"ローラー,ダイナモローラー"
"ローラー,ダイナモローラーテスラ"
"ローラー,ダイナモローラー冥"
"ローラー,ヴァリアブルローラー"
"ローラー,ヴァリアブルローラーフォイル"
"ローラー,ワイドローラー"
"ローラー,ワイドローラーコラボ"
"ローラー,ワイドローラー惑"
"チャージャー,スプラチャージャー"
"チャージャー,スプラチャージャーコラボ"
"チャージャー,スプラスコープ"
"チャージャー,スプラスコープコラボ"
"チャージャー,スプラチャージャーFRST"
"チャージャー,スプラスコープFRST"
"チャージャー,リッター4K"
"チャージャー,リッター4Kカスタム"
"チャージャー,4Kスコープ"
"チャージャー,4Kスコープカスタム"
"チャージャー,スクイックリンα"
"チャージャー,スクイックリンβ"
"チャージャー,14式竹筒銃・甲"
"チャージャー,14式竹筒銃・乙"
"チャージャー,R-PEN/5H"
"チャージャー,R-PEN/5B"
"チャージャー,ソイチューバー"
"チャージャー,ソイチューバーカスタム"
"ブラスター,ホットブラスター"
"ブラスター,ホットブラスターカスタム"
"ブラスター,ホットブラスター艶"
"ブラスター,ラピッドブラスター"
"ブラスター,ラピッドブラスターデコ"
"ブラスター,Rブラスターエリート"
"ブラスター,Rブラスターエリートデコ"
"ブラスター,RブラスターエリートWNTR"
"ブラスター,ノヴァブラスター"
"ブラスター,ノヴァブラスターネオ"
"ブラスター,クラッシュブラスター"
"ブラスター,クラッシュブラスターネオ"
"ブラスター,S-BLAST92"
"ブラスター,S-BLAST91"
"フデ,パブロ"
"フデ,パブロ·ヒュー"
"フデ,ホクサイ"
"フデ,ホクサイ·ヒュー"
"フデ,ホクサイ彗"
"フデ,フィンセント"
"フデ,フィンセント・ヒュー"
"フデ,フィンセントBRNZ"
"スロッシャー,バケットスロッシャー"
"スロッシャー,バケットスロッシャーデコ"
"スロッシャー,ヒッセンASH"
"スロッシャー,ヒッセン・ヒュー"
"スロッシャー,ヒッセン"
"スロッシャー,スクリュースロッシャー"
"スロッシャー,スクリュースロッシャーネオ"
"スロッシャー,オーバーフロッシャー"
"スロッシャー,オーバーフロッシャーデコ"
"スロッシャー,エクスプロッシャー"
"スロッシャー,エクスプロッシャーカスタム"
"スロッシャー,モップリン"
"スロッシャー,モップリンD"
"スロッシャー,モップリン角"
"スピナー,バレルスピナー"
"スピナー,バレルスピナーデコ"
"スピナー,スプラスピナー"
"スピナー,スプラスピナーコラボ"
"スピナー,スプラスピナーPYTN"
"スピナー,ハイドラント圧"
"スピナー,ハイドラントカスタム"
"スピナー,ハイドラント"
"スピナー,クーゲルシュライバー"
"スピナー,クーゲルシュライバー・ヒュー"
"スピナー,ノーチラス47"
"スピナー,ノーチラス79"
"スピナー,イグザミナー"
"マニューバー,スプラマニューバー"
"マニューバー,スプラマニューバーコラボ"
"マニューバー,スプラマニューバー耀"
"マニューバー,スパッタリー"
"マニューバー,スパッタリー・ヒュー"
"マニューバー,スパッタリーOWL"
"マニューバー,デュアルスイーパー"
"マニューバー,デュアルスイーパーカスタム"
"マニューバー,デュアルスイーパー蹄"
"マニューバー,ケルビン525"
"マニューバー,ケルビン525デコ"
"マニューバー,クアッドホッパーブラック"
"マニューバー,クアッドホッパーホワイト"
"マニューバー,ガエンFF"
"マニューバー,ガエンFFカスタム"
"シェルター,パラシェルター"
"シェルター,パラシェルターソレーラ"
"シェルター,キャンピングシェルター"
"シェルター,キャンピングシェルターソレーラ"
"シェルター,キャンピングシェルターCREM"
"シェルター,スパイガジェット"
"シェルター,スパイガジェットソレーラ"
"シェルター,スパイガジェット繚"
"シェルター,24式張替傘・甲"
"シェルター,24式張替傘・乙"
"ストリンガー,トライストリンガー"
"ストリンガー,トライストリンガーコラボ"
"ストリンガー,トライストリンガー燈"
"ストリンガー,LACT-450"
"ストリンガー,LACT-450デコ"
"ストリンガー,LACT-450MILK"
"ストリンガー,フルイドV"
"ワイパー,ドライブワイパー"
"ワイパー,ドライブワイパーデコ"
"ワイパー,ドライブワイパーRUST"
"ワイパー,ジムワイパー"
"ワイパー,ジムワイパー・ヒュー"
"ワイパー,ジムワイパー封"
"ワイパー,デンタルワイパーミント"
"ワイパー,デンタルワイパースミ"
